id,persona,category,question,answer,keywords,language,suggested
gen-001,general,About,What is VIDYADAAN?,"VIDYADAAN connects government schools with NGOs and donors. Schools post the infrastructure they need (for example classrooms, toilets, a library or a computer lab). The VIDYADAAN team checks every school and every project before NGOs and donors can see it. NGOs fund parts of a project and pay the school, and donors give online through Razorpay. Each project shows how much has been raised.","about,what is,platform,vidyadaan,purpose,how it works",en,yes
gen-002,general,Accounts,How do I create an account?,"Open Join (the Get started button), choose School, NGO or Donor, and fill in the form with the required documents: schools upload a registration certificate and the principal's ID proof, NGOs a registration certificate and PAN card, and donors a PAN card. Every new account is checked by the VIDYADAAN team, and you can sign in once it is approved.","register,sign up,signup,join,create account,new account,registration",en,no
gen-003,general,Accounts,Why can't I sign in to my account?,"First check that you are on the right portal (School, NGO, Donor or Admin) and that the email and password are correct. New accounts can't sign in until the VIDYADAAN team approves them; the sign-in page tells you if your account is still pending or was rejected, and shows the reason. If you forgot your password, use Forgot password on the sign-in page.","sign in,login,log in,cannot,can't,pending,rejected,approval,account not approved",en,no
gen-004,general,Accounts,How do I reset my password?,"On any sign-in page, choose Forgot password and enter your account's email address. VIDYADAAN emails you a reset link that works once and expires after 15 minutes. If the email doesn't arrive within a few minutes, check your Spam folder. For security, the page shows the same message whether or not an account exists for that email.","forgot,reset,password,reset link,change password",en,yes
gen-005,general,Accounts,Can I sign in with Google?,"Yes, if Sign in with Google is shown on the sign-in page. It signs you in to the VIDYADAAN account that uses the same email address. When an existing account is linked to Google for the first time, its old password is removed and other devices are signed out; you can set a password again with Forgot password.","google,gmail,sign in with google,google login",en,no
gen-006,general,Accounts,What does Remember me do?,"Remember me keeps you signed in on that device for 30 days. Without it, you are signed out when you close the browser. Don't use Remember me on a shared computer.","remember me,stay signed in,keep me logged in,session",en,no
gen-007,general,Payments,Is my payment information safe?,"Online payments are made on Razorpay's own secure checkout. VIDYADAAN never sees or stores your card number, CVV, UPI PIN or bank login. VIDYADAAN only keeps the amount, what it was for, the time, and Razorpay's order and payment IDs.","safe,secure,security,card,upi pin,bank details,razorpay,privacy",en,no
gen-008,general,Policies,What is the refund policy?,"A confirmed online payment is refunded only if something went wrong: you were charged twice, charged a different amount from the one shown, or money left your account but VIDYADAAN never confirmed the payment. Ask within 7 days by emailing VIDYADAAN from your registered email with the Razorpay payment ID (it starts with pay_), the amount and date, and what went wrong. Approved refunds go back to the original payment method. The full policy is on the Refund Policy page.","refund,cancel,money back,charged twice,duplicate payment,wrong amount",en,no
gen-009,general,Help,How do I contact the VIDYADAAN team?,"Use the Contact page (the Contact Us link at the bottom of every page). It lists VIDYADAAN's email address, phone number and location. The Terms of Service, Privacy Policy and Refund Policy are linked there too.","contact,help,support,email,phone,team,talk to someone",en,no
gen-010,general,Fees,Does VIDYADAAN charge any fee?,"No. VIDYADAAN is free to use for schools, NGOs and donors, and no fee is deducted from the money a school receives.","fee,charges,commission,cost,free,deduct",en,no
sch-001,school,Projects,How do I create a project?,"On your Dashboard (or Manage Projects), choose New project. Fill in the project title, category, priority, what the problem is and how the project will help, the estimated budget in rupees, the number of students who will benefit and the expected completion date. Location and required materials are optional (without a location, your school's district is used). Then submit: the project is sent to the VIDYADAAN team for review and shows as Pending review.","create project,new project,add project,submit project,need,request",en,yes
sch-002,school,Projects,What happens after I submit a project?,"Your project waits for review by the VIDYADAAN team and shows as Pending review. If it is approved, it becomes Open: NGOs and donors can see and fund it, and every active alumnus on your Alumni list gets an email about it. If the team requests changes, the project shows as Rejected with their reason (Changes requested); edit the project to fix it and it is sent for review again automatically.","after submit,next,review,pending review,approved,what happens,approval",en,yes
sch-003,school,Projects,How do I check the approval status of my project?,"Open Manage Projects: each project shows Pending review, Rejected (with the reason) or, once approved, its work status such as Open or In Progress. The Review updates panel on your Dashboard shows the latest decisions, and Notifications lists them too.","status,approval status,approved,rejected,pending,check status,review updates",en,yes
sch-004,school,Projects,My project was rejected. What should I do?,"Read the reason under Changes requested on the project. Open the project, make the changes the review team asked for, and save. Editing a rejected project sends it back for review automatically, and it shows as Pending review again.","rejected,changes requested,resubmit,fix project,reason",en,no
sch-005,school,Projects,Can I change my project's budget?,"Yes, until funding starts. Once any NGO has committed to a part of the project, or any donor has given to it, the budget can no longer be changed, so the parts and donations stay correct.","change budget,edit budget,budget locked,update budget",en,no
sch-006,school,Projects,How do I mark a project as In Progress or Completed?,"After your project is approved, edit it and change its Status (Open, In Progress, On Hold or Completed). The status can only be changed once the project is approved.","in progress,completed,on hold,status,work status,update progress",en,no
sch-007,school,Funding,How do NGOs fund my project?,"Each approved project's budget is split into 5 equal parts. NGOs commit to one or more free parts and then pay for them, either online through Razorpay or directly to your school's bank account or UPI. Donors can also give online. A project's Raised amount counts NGO payments your school accepted (online NGO payments count as soon as Razorpay confirms them) and donations confirmed by Razorpay.","funding,parts,ngo commit,how funded,raised,committed",en,no
sch-008,school,Payments,How do I check and accept a payment from an NGO?,"When an NGO pays your school directly, it sends proof, and the payment appears under Donation History as To check (your Dashboard also shows a reminder). Check that the money has reached your bank account, then Accept it, or Reject it with a reason if it hasn't arrived. Online payments made through Razorpay show as Paid online and need nothing from you.","accept payment,check payment,payment proof,reject payment,ngo paid,donation history,to check",en,yes
sch-009,school,Payments,How do I add my UPI payment QR?,"On your Dashboard, find UPI payment QR and choose Upload QR. Upload a screenshot or photo of your school's UPI QR from PhonePe, Google Pay, Paytm or BHIM; only real UPI payment QRs are accepted, and only the payment link inside it is saved, not the image. A QR for the UPI ID verified at your registration is active at once; a different UPI ID is checked by the VIDYADAAN team first. NGOs funding your projects can then scan it; donors never see it.","upi,qr,payment qr,phonepe,google pay,gpay,paytm,bhim,scanner",en,no
sch-010,school,Alumni,How do I add alumni?,"Open Alumni in the menu and choose Add alumni. Enter the former student's full name, register number and email address; the graduation year is optional. Each register number and email can be added once per school. Only your school can see your alumni list.","alumni,add alumni,former students,register number,graduates",en,yes
sch-011,school,Alumni,When do my alumni get emails?,"When the VIDYADAAN team approves one of your projects, every active alumnus on your list gets one email about it, with the project's title, problem statement, budget and a View project link. Inactive alumni get nothing. Each email goes to one person only, so no alumnus sees another's address. Nothing is sent when you create, edit or resubmit a project.","alumni email,notification,alumni notified,approved email,why no email",en,no
sch-012,school,Alumni,How do I stop emails to one alumnus?,"On the Alumni page, choose Deactivate next to that person. Inactive alumni stay on your list but receive no project emails. Choose Reactivate to include them again.","deactivate,reactivate,inactive,stop emails,remove alumni",en,no
sch-013,school,Profile,How do I update my school profile?,"Open School Profile and choose Edit profile. You can change the principal's name, phone, address, numbers of students and teachers, and the facilities. Identity details checked at registration, such as the school name and UDISE code, can't be changed there; contact the VIDYADAAN team for those. You can also add or change the school photograph.","profile,edit profile,update details,principal,phone,address,facilities",en,no
sch-014,school,Profile,How do I add my school's location on the map?,"Open School Profile and find Location on map. Choose Add location, then either paste a Google Maps link to your school (in Google Maps, find the school or drop a pin, tap Share and copy the link) or use your current location while you are at the school. Check the pin on the map preview, then save. Only your school and the VIDYADAAN team can see it.","map,location,google maps,pin,gps,where is school",en,no
sch-015,school,Reports,How do I download my school's report?,"Open Reports and choose Download CSV (for a spreadsheet) or Download Word (for a document). The report card includes your projects, their review and funding status, and the payments NGOs made.","report,download,csv,word,excel,report card,export",en,no
sch-016,school,Gallery,How do I add project photos?,"Open Gallery and add a photo to one of your projects, choosing its stage (Before, In progress or Completed) and an optional caption. Photos can be JPG, PNG or WebP up to 5 MB, and they are private to your school and the VIDYADAAN team.","photo,gallery,picture,image,upload photo,progress photo",en,no
sch-017,school,Accounts,Can my school sign in with its UDISE code?,"Yes. On the School sign-in page you can enter either the school's registered email address or its 11-digit UDISE code, with your password.","udise,login with udise,school login,sign in",en,no
ngo-001,ngo,Needs,How do I find school needs to fund?,"Open School Needs. It lists projects the VIDYADAAN team has approved, with the school's name and place, the budget and how many parts are still free. Open a need to see the full problem statement, students benefiting, timeline and materials.","find needs,browse,school needs,approved projects,which projects,support",en,yes
ngo-002,ngo,Funding,How do I commit funds to a project?,"Open the need and choose Fund. Each budget is split into 5 equal parts; choose one or more free parts (all of them is the full amount) and confirm. The parts are then reserved for your NGO and appear under Your Projects and Funding. Committing doesn't move money; you pay afterwards from Funding.","commit,fund,funding commitment,parts,reserve,pledge",en,yes
ngo-003,ngo,Payments,How do I pay for the parts I committed?,"Open Funding and choose Make payment on the need. Choose Pay online to pay through Razorpay: the payment counts as soon as Razorpay confirms it, and VIDYADAAN transfers the full amount to the school's verified bank account. Or choose Paid the school directly if you transferred the money yourself: the school's bank details (and its UPI QR, if it has an approved one) are shown there, and you send proof for the school to accept.","pay,payment,make payment,pay online,razorpay,pay school,payment instructions",en,yes
ngo-004,ngo,Payments,How do I submit payment proof?,"In Funding, choose Make payment, then Paid the school directly. Choose the parts the payment covers, the payment method, the reference number (for example the UTR), the date you paid, an optional note, and upload the proof as an image or PDF up to 5 MB. Send it; the school checks its bank account and accepts or rejects the payment.","payment proof,proof,upload proof,utr,reference number,receipt,direct payment",en,yes
ngo-005,ngo,Payments,The school rejected my payment. What now?,"The school's reason is shown with the payment in Funding. Check the payment with your bank, then make the payment again from Make payment with the correct details and proof. The parts stay reserved for your NGO.","rejected payment,payment rejected,school rejected,reason,try again",en,no
ngo-006,ngo,Payments,What does Refund due mean on my online payment?,"Refund due means you paid parts online that had already been paid another way in the meantime. VIDYADAAN doesn't count that payment and refunds it to your original payment method.","refund due,double payment,already paid,online payment refund",en,no
ngo-007,ngo,Funding,How do I withdraw a commitment?,"Open Funding and choose Withdraw on the need. Only parts you haven't paid for are freed for other NGOs; parts with a payment waiting for the school, or already received, stay with your NGO.","withdraw,cancel commitment,release parts,undo",en,no
ngo-008,ngo,Volunteers,How do I add volunteers?,"Open Volunteers and choose Add volunteer. Enter the person's name and role; the phone number is optional. You can assign them to one of the school needs your NGO is funding. You can edit or remove volunteers at any time.","volunteer,add volunteer,team member,assign volunteer",en,yes
ngo-009,ngo,Reports,How do I download my NGO's report?,"Open Reports in the menu and choose Download CSV or Download Word. The report card lists the school needs you fund (with your parts and where their money stands), every payment you made, and your volunteers.","report,download,csv,word,export,report card",en,no
ngo-010,ngo,Payments,Where can I see a school's bank details?,"Only after your NGO has committed to one of that school's needs: open Funding, choose Make payment, then Paid the school directly. Bank details are never shown to donors.","bank details,account number,ifsc,upi id,where to pay",en,no
don-001,donor,Donations,How do I donate to a project?,"Open School Needs on your Dashboard and choose Donate on a need (or Support this project on its public page). Enter an amount between ₹10 and ₹5,00,000, then pay on Razorpay by UPI, card, net banking or another method. Your donation is confirmed only after the server verifies the payment with Razorpay, and then the need's Raised amount goes up.","donate,donation,give,support,contribute,how to donate,pay",en,yes
don-002,donor,Donations,What does Payment received but confirmation is still pending mean?,"Razorpay returned your payment, but VIDYADAAN couldn't confirm it with the server yet. Don't pay again. Use Check again after a moment; the payment is recorded only once, however often it is checked. If it still can't be confirmed, contact VIDYADAAN with your payment ID.","pending,confirmation pending,not confirmed,check again,payment status",en,yes
don-003,donor,Donations,I closed the Razorpay window. Was I charged?,"No. If you close the Razorpay window before paying, nothing is charged and no donation is recorded. You can try again with the same amount.","cancelled,closed window,cancel payment,charged,payment cancelled",en,no
don-004,donor,Transparency,How do I understand a project's funding progress?,"Each need shows Raised and the budget, with a progress bar and the percentage funded. Raised counts only confirmed money: NGO payments the school accepted (or that Razorpay confirmed) and donations verified with Razorpay. Fully funded means Raised has reached the budget.","funding progress,raised,progress bar,percentage,fully funded,how much funded,transparency",en,yes
don-005,donor,Donations,Why can't I donate the amount I want to a need?,"A need accepts donations only up to what is still open: its budget minus the parts NGOs have committed to and what donors have already given. If you enter more, the donation window tells you the most you can give. A need that is fully funded or completely promised by NGOs takes no more donations.","limit,maximum,can't donate,fully funded,promised by ngos,amount too high",en,no
don-006,donor,Donations,Where can I see my donations?,"Open My Donations on your Dashboard. It lists every donation Razorpay confirmed, with the need, school, amount and payment ID; keep the payment ID as your reference. You can download the list as a report with Download CSV or Download Word.","my donations,history,receipt,payment id,donation list,report",en,yes
don-007,donor,Donations,What does Test mean next to a donation?,"VIDYADAAN currently uses Razorpay test mode. A donation marked Test was made with test keys, so no real money was charged.","test,test mode,real money,not charged",en,no
don-008,donor,Transparency,Can schools see my name?,"No. Donors' names are not shared with schools. Schools see the total confirmed funding for their projects.","privacy,my name,anonymous,schools see,donor privacy",en,no
alu-001,alumni,Notifications,Why did I receive a project notification?,"Your school added you to its alumni list on VIDYADAAN. Whenever the VIDYADAAN team approves one of your school's projects, everyone on that list who is active gets one email with the project's details and a View project link.","notification,email,why,received,alumni email,project email",en,yes
alu-002,alumni,Notifications,How do I stop getting these emails?,"Ask your school to remove you from its alumni list or mark you inactive. Inactive alumni receive no project emails. The email itself doesn't have an unsubscribe link yet.","unsubscribe,stop emails,opt out,remove me,no more emails",en,yes
alu-003,alumni,Projects,What is the View project link?,"It opens the public page of that exact project on VIDYADAAN: the school, the problem it wants to solve, the budget and how much has been raised so far. Anyone can open it without an account.","view project,link,project page,public page",en,no
alu-004,alumni,Support,How can I support my school's project?,"Open the project's page and choose Sign in to donate. You need a VIDYADAAN donor account: create one from Join, and you can donate once the VIDYADAAN team has approved it. Donations are paid securely on Razorpay. You can also share the project page with others.","support,donate,help school,contribute,give back,how can i help",en,yes
alu-005,alumni,Privacy,Is my email address shared with other alumni?,"No. Each project email is sent to one person only, so no alumnus sees another's name or address. Only your school can see its alumni list.","privacy,email shared,other alumni,who sees",en,no
alu-006,alumni,Projects,Is the project genuine?,"Every project on VIDYADAAN was submitted by a registered school whose account the VIDYADAAN team verified, and the team reviewed the project before it was published. The project page shows the amount confirmed so far.","genuine,real,verified,trust,fake,legit",en,no
adm-001,admin,Accounts,How do I approve new accounts?,"In the Admin dashboard, open Accounts and filter by Pending (and by type if you like). Choose Review on an account to see its registration details and open its verification documents. Then Approve account, or Reject with a reason of at least 5 characters, which the applicant sees when they try to sign in.","approve account,registration,pending accounts,verify,reject account",en,yes
adm-002,admin,Projects,How does project approval work?,"Open the Projects tab. Projects waiting for review are listed first come, first served. Choose Review to see the school, the problem statement, budget, students, timeline and materials. Approve project makes it Open: NGOs and donors can see it, and the school's active alumni are emailed. Reject asks for a reason (5 to 500 characters) that the school sees; the school can edit the project, which sends it back for review.","project approval,approve project,review project,reject project,pending projects,workflow",en,yes
adm-003,admin,Projects,Why can't I approve a project?,"A project can be approved only while it is waiting for review and only if its school's account is active. If the school's account is not active, the review window says so and Approve is disabled. A project that was already approved or rejected can't be decided again.","cannot approve,can't approve,approve disabled,school not active,already approved",en,no
adm-004,admin,Payment QRs,How do I review a school's payment QR?,"Open the Payment QRs tab. A school's UPI QR needs your approval only when its UPI ID differs from the one verified at registration. Check the UPI ID and payee name, then approve it, or reject it with a reason. NGOs see a QR only once it is active.","qr,payment qr,upi,approve qr,review qr",en,yes
adm-005,admin,Accounts,How are admin accounts created?,"There is no public admin sign-up. Admin accounts are created, or their passwords reset, by someone with server access running npm run create-admin with the admin's email. Admins then sign in on the Admin sign-in page.","admin account,create admin,new admin,admin password",en,no
adm-006,admin,Projects,What happens to alumni emails when I approve a project?,"After approval, the project's school's active alumni are queued for one email each, and the approval message tells you how many were queued. Emails are sent in the background, so approval never waits for them; if email isn't set up or a send fails, the project stays approved and the failure is recorded.","alumni emails,queued,approval email,notification,approved message",en,no
adm-007,admin,Operations,Can admins change funding amounts or mark payments as paid?,"No. Raised amounts change only when a school accepts an NGO's payment or Razorpay confirms an online payment or donation. Admins review accounts, projects and payment QRs.","change funding,edit raised,mark paid,admin powers,payments",en,no
